{
  "results": [
    {
      "model_id": "GRU",
      "task_id": "aki",
      "dataset": "eicu",
      "run_id": "20250603_192812",
      "prompting_id": "",
      "metrics_summary": {
        "overall": {
          "auroc": 0.756,
          "auprc": 0.59,
          "normalized_auprc": 1.904,
          "specificity": 0.782,
          "f1_score": 0.564,
          "accuracy": 0.721,
          "balanced_accuracy": 0.683,
          "precision": 0.546,
          "recall": 0.584,
          "mcc": 0.68,
          "kappa": 0.359,
          "minpse": 0.564,
          "task_dataset_score": 67.531
        },
        "task_pulse_scores": {
          "aki": [
            67.53082251737132,
            55.71687128845759,
            70.55416145556654
          ],
          "mortality": [
            62.56861002899531,
            52.814826037100616,
            64.81811120367578
          ],
          "sepsis": [
            41.02387982741501,
            29.65807847017229,
            29.073874979759644
          ]
        },
        "dataset_pulse_scores": {
          "eicu": [
            67.53082251737132,
            62.56861002899531,
            41.02387982741501
          ],
          "miiv": [
            70.55416145556654,
            64.81811120367578,
            29.073874979759644
          ],
          "hirid": [
            55.71687128845759,
            52.814826037100616,
            29.65807847017229
          ]
        },
        "overall_pulse_scores": {
          "overall_score": 52.63991508983489,
          "overall_aki": 64.60061842046515,
          "overall_eicu": 57.041104124593886,
          "overall_mortality": 60.067182423257236,
          "overall_hirid": 46.06325859857683,
          "overall_sepsis": 33.25194442578231,
          "overall_miiv": 54.815382546333986
        }
      }
    },
    {
      "model_id": "GRU",
      "task_id": "aki",
      "dataset": "hirid",
      "run_id": "20250603_192812",
      "prompting_id": "",
      "metrics_summary": {
        "overall": {
          "auroc": 0.694,
          "auprc": 0.352,
          "normalized_auprc": 2.177,
          "specificity": 0.733,
          "f1_score": 0.391,
          "accuracy": 0.708,
          "balanced_accuracy": 0.656,
          "precision": 0.295,
          "recall": 0.579,
          "mcc": 0.623,
          "kappa": 0.224,
          "minpse": 0.41,
          "task_dataset_score": 55.717
        },
        "task_pulse_scores": {
          "aki": [
            67.53082251737132,
            55.71687128845759,
            70.55416145556654
          ],
          "mortality": [
            62.56861002899531,
            52.814826037100616,
            64.81811120367578
          ],
          "sepsis": [
            41.02387982741501,
            29.65807847017229,
            29.073874979759644
          ]
        },
        "dataset_pulse_scores": {
          "eicu": [
            67.53082251737132,
            62.56861002899531,
            41.02387982741501
          ],
          "miiv": [
            70.55416145556654,
            64.81811120367578,
            29.073874979759644
          ],
          "hirid": [
            55.71687128845759,
            52.814826037100616,
            29.65807847017229
          ]
        },
        "overall_pulse_scores": {
          "overall_score": 52.63991508983489,
          "overall_aki": 64.60061842046515,
          "overall_eicu": 57.041104124593886,
          "overall_mortality": 60.067182423257236,
          "overall_hirid": 46.06325859857683,
          "overall_sepsis": 33.25194442578231,
          "overall_miiv": 54.815382546333986
        }
      }
    },
    {
      "model_id": "GRU",
      "task_id": "aki",
      "dataset": "miiv",
      "run_id": "20250603_192812",
      "prompting_id": "",
      "metrics_summary": {
        "overall": {
          "auroc": 0.797,
          "auprc": 0.595,
          "normalized_auprc": 2.556,
          "specificity": 0.841,
          "f1_score": 0.584,
          "accuracy": 0.792,
          "balanced_accuracy": 0.735,
          "precision": 0.545,
          "recall": 0.629,
          "mcc": 0.724,
          "kappa": 0.446,
          "minpse": 0.576,
          "task_dataset_score": 70.554
        },
        "task_pulse_scores": {
          "aki": [
            67.53082251737132,
            55.71687128845759,
            70.55416145556654
          ],
          "mortality": [
            62.56861002899531,
            52.814826037100616,
            64.81811120367578
          ],
          "sepsis": [
            41.02387982741501,
            29.65807847017229,
            29.073874979759644
          ]
        },
        "dataset_pulse_scores": {
          "eicu": [
            67.53082251737132,
            62.56861002899531,
            41.02387982741501
          ],
          "miiv": [
            70.55416145556654,
            64.81811120367578,
            29.073874979759644
          ],
          "hirid": [
            55.71687128845759,
            52.814826037100616,
            29.65807847017229
          ]
        },
        "overall_pulse_scores": {
          "overall_score": 52.63991508983489,
          "overall_aki": 64.60061842046515,
          "overall_eicu": 57.041104124593886,
          "overall_mortality": 60.067182423257236,
          "overall_hirid": 46.06325859857683,
          "overall_sepsis": 33.25194442578231,
          "overall_miiv": 54.815382546333986
        }
      }
    },
    {
      "model_id": "GRU",
      "task_id": "mortality",
      "dataset": "eicu",
      "run_id": "20250603_192812",
      "prompting_id": "",
      "metrics_summary": {
        "overall": {
          "auroc": 0.86,
          "auprc": 0.386,
          "normalized_auprc": 5.519,
          "specificity": 0.957,
          "f1_score": 0.308,
          "accuracy": 0.91,
          "balanced_accuracy": 0.621,
          "precision": 0.333,
          "recall": 0.286,
          "mcc": 0.63,
          "kappa": 0.26,
          "minpse": 0.333,
          "task_dataset_score": 62.569
        },
        "task_pulse_scores": {
          "aki": [
            67.53082251737132,
            55.71687128845759,
            70.55416145556654
          ],
          "mortality": [
            62.56861002899531,
            52.814826037100616,
            64.81811120367578
          ],
          "sepsis": [
            41.02387982741501,
            29.65807847017229,
            29.073874979759644
          ]
        },
        "dataset_pulse_scores": {
          "eicu": [
            67.53082251737132,
            62.56861002899531,
            41.02387982741501
          ],
          "miiv": [
            70.55416145556654,
            64.81811120367578,
            29.073874979759644
          ],
          "hirid": [
            55.71687128845759,
            52.814826037100616,
            29.65807847017229
          ]
        },
        "overall_pulse_scores": {
          "overall_score": 52.63991508983489,
          "overall_aki": 64.60061842046515,
          "overall_eicu": 57.041104124593886,
          "overall_mortality": 60.067182423257236,
          "overall_hirid": 46.06325859857683,
          "overall_sepsis": 33.25194442578231,
          "overall_miiv": 54.815382546333986
        }
      }
    },
    {
      "model_id": "GRU",
      "task_id": "mortality",
      "dataset": "hirid",
      "run_id": "20250603_192812",
      "prompting_id": "",
      "metrics_summary": {
        "overall": {
          "auroc": 0.74,
          "auprc": 0.255,
          "normalized_auprc": 2.316,
          "specificity": 0.787,
          "f1_score": 0.286,
          "accuracy": 0.75,
          "balanced_accuracy": 0.621,
          "precision": 0.208,
          "recall": 0.455,
          "mcc": 0.588,
          "kappa": 0.159,
          "minpse": 0.364,
          "task_dataset_score": 52.815
        },