{
  "results": [
    {
      "model_id": "LightGBM",
      "task_id": "aki",
      "dataset": "eicu",
      "run_id": "20250619_005217",
      "prompting_id": "",
      "metrics_summary": {
        "overall": {
          "auroc": 0.802,
          "auprc": 0.665,
          "normalized_auprc": 2.146,
          "specificity": 0.0,
          "f1_score": 0.473,
          "accuracy": 0.31,
          "balanced_accuracy": 0.5,
          "precision": 0.31,
          "recall": 1.0,
          "mcc": 0.5,
          "kappa": 0.0,
          "minpse": 0.594,
          "task_dataset_score": 65.416
        },
        "task_pulse_scores": {
          "aki": [
            65.41595377655925,
            62.043970238949484,
            66.64798787782358
          ],
          "mortality": [
            60.88137321052335,
            67.92763713035262,
            61.298748102165014
          ],
          "sepsis": [
            42.18830468652024,
            56.472412498035794,
            38.17855139944765
          ]
        },
        "dataset_pulse_scores": {
          "eicu": [
            65.41595377655925,
            60.88137321052335,
            42.18830468652024
          ],
          "miiv": [
            66.64798787782358,
            61.298748102165014,
            38.17855139944765
          ],
          "hirid": [
            62.043970238949484,
            67.92763713035262,
            56.472412498035794
          ]
        },
        "overall_pulse_scores": {
          "overall_score": 57.894993213375216,
          "overall_aki": 64.70263729777743,
          "overall_eicu": 56.16187722453427,
          "overall_mortality": 63.36925281434699,
          "overall_hirid": 62.14800662244596,
          "overall_sepsis": 45.61308952800123,
          "overall_miiv": 55.37509579314542
        }
      }
    },
    {
      "model_id": "LightGBM",
      "task_id": "aki",
      "dataset": "hirid",
      "run_id": "20250619_005217",
      "prompting_id": "",
      "metrics_summary": {
        "overall": {
          "auroc": 0.829,
          "auprc": 0.536,
          "normalized_auprc": 3.308,
          "specificity": 0.0,
          "f1_score": 0.279,
          "accuracy": 0.162,
          "balanced_accuracy": 0.5,
          "precision": 0.162,
          "recall": 1.0,
          "mcc": 0.5,
          "kappa": 0.0,
          "minpse": 0.479,
          "task_dataset_score": 62.044
        },
        "task_pulse_scores": {
          "aki": [
            65.41595377655925,
            62.043970238949484,
            66.64798787782358
          ],
          "mortality": [
            60.88137321052335,
            67.92763713035262,
            61.298748102165014
          ],
          "sepsis": [
            42.18830468652024,
            56.472412498035794,
            38.17855139944765
          ]
        },
        "dataset_pulse_scores": {
          "eicu": [
            65.41595377655925,
            60.88137321052335,
            42.18830468652024
          ],
          "miiv": [
            66.64798787782358,
            61.298748102165014,
            38.17855139944765
          ],
          "hirid": [
            62.043970238949484,
            67.92763713035262,
            56.472412498035794
          ]
        },
        "overall_pulse_scores": {
          "overall_score": 57.894993213375216,
          "overall_aki": 64.70263729777743,
          "overall_eicu": 56.16187722453427,
          "overall_mortality": 63.36925281434699,
          "overall_hirid": 62.14800662244596,
          "overall_sepsis": 45.61308952800123,
          "overall_miiv": 55.37509579314542
        }
      }
    },
    {
      "model_id": "LightGBM",
      "task_id": "aki",
      "dataset": "miiv",
      "run_id": "20250619_005217",
      "prompting_id": "",
      "metrics_summary": {
        "overall": {
          "auroc": 0.832,
          "auprc": 0.673,
          "normalized_auprc": 2.892,
          "specificity": 0.0,
          "f1_score": 0.378,
          "accuracy": 0.233,
          "balanced_accuracy": 0.5,
          "precision": 0.233,
          "recall": 1.0,
          "mcc": 0.5,
          "kappa": 0.0,
          "minpse": 0.58,
          "task_dataset_score": 66.648
        },
        "task_pulse_scores": {
          "aki": [
            65.41595377655925,
            62.043970238949484,
            66.64798787782358
          ],
          "mortality": [
            60.88137321052335,
            67.92763713035262,
            61.298748102165014
          ],
          "sepsis": [
            42.18830468652024,
            56.472412498035794,
            38.17855139944765
          ]
        },
        "dataset_pulse_scores": {
          "eicu": [
            65.41595377655925,
            60.88137321052335,
            42.18830468652024
          ],
          "miiv": [
            66.64798787782358,
            61.298748102165014,
            38.17855139944765
          ],
          "hirid": [
            62.043970238949484,
            67.92763713035262,
            56.472412498035794
          ]
        },
        "overall_pulse_scores": {
          "overall_score": 57.894993213375216,
          "overall_aki": 64.70263729777743,
          "overall_eicu": 56.16187722453427,
          "overall_mortality": 63.36925281434699,
          "overall_hirid": 62.14800662244596,
          "overall_sepsis": 45.61308952800123,
          "overall_miiv": 55.37509579314542
        }
      }
    },
    {
      "model_id": "LightGBM",
      "task_id": "mortality",
      "dataset": "eicu",
      "run_id": "20250619_005217",
      "prompting_id": "",
      "metrics_summary": {
        "overall": {
          "auroc": 0.857,
          "auprc": 0.473,
          "normalized_auprc": 6.751,
          "specificity": 0.0,
          "f1_score": 0.131,
          "accuracy": 0.07,
          "balanced_accuracy": 0.5,
          "precision": 0.07,
          "recall": 1.0,
          "mcc": 0.5,
          "kappa": 0.0,
          "minpse": 0.429,
          "task_dataset_score": 60.881
        },
        "task_pulse_scores": {
          "aki": [
            65.41595377655925,
            62.043970238949484,
            66.64798787782358
          ],
          "mortality": [
            60.88137321052335,
            67.92763713035262,
            61.298748102165014
          ],
          "sepsis": [
            42.18830468652024,
            56.472412498035794,
            38.17855139944765
          ]
        },
        "dataset_pulse_scores": {
          "eicu": [
            65.41595377655925,
            60.88137321052335,
            42.18830468652024
          ],
          "miiv": [
            66.64798787782358,
            61.298748102165014,
            38.17855139944765
          ],
          "hirid": [
            62.043970238949484,
            67.92763713035262,
            56.472412498035794
          ]
        },
        "overall_pulse_scores": {
          "overall_score": 57.894993213375216,
          "overall_aki": 64.70263729777743,
          "overall_eicu": 56.16187722453427,
          "overall_mortality": 63.36925281434699,
          "overall_hirid": 62.14800662244596,
          "overall_sepsis": 45.61308952800123,
          "overall_miiv": 55.37509579314542
        }
      }
    },
    {
      "model_id": "LightGBM",
      "task_id": "mortality",
      "dataset": "hirid",
      "run_id": "20250619_005217",
      "prompting_id": "",
      "metrics_summary": {
        "overall": {
          "auroc": 0.906,
          "auprc": 0.637,
          "normalized_auprc": 5.793,
          "specificity": 0.0,
          "f1_score": 0.198,
          "accuracy": 0.11,
          "balanced_accuracy": 0.5,
          "precision": 0.11,
          "recall": 1.0,
          "mcc": 0.5,
          "kappa": 0.0,
          "minpse": 0.545,
          "task_dataset_score": 67.928
        },