{
  "results": [
    {
      "model_id": "LSTM",
      "task_id": "aki",
      "dataset": "eicu",
      "run_id": "20250605_112438",
      "prompting_id": "",
      "metrics_summary": {
        "overall": {
          "auroc": 0.41,
          "auprc": 0.297,
          "normalized_auprc": 0.959,
          "specificity": 0.0,
          "f1_score": 0.473,
          "accuracy": 0.31,
          "balanced_accuracy": 0.5,
          "precision": 0.31,
          "recall": 1.0,
          "mcc": 0.5,
          "kappa": 0.0,
          "minpse": 0.31,
          "task_dataset_score": 40.349
        },
        "task_pulse_scores": {
          "aki": [
            40.349437630267936,
            61.48853444269121,
            66.61048822324318
          ],
          "mortality": [
            68.59938702147754,
            61.60756620144983,
            68.74459992588781
          ],
          "sepsis": [
            42.559183903440115,
            45.62363371094236,
            44.33919092311173
          ]
        },
        "dataset_pulse_scores": {
          "eicu": [
            40.349437630267936,
            68.59938702147754,
            42.559183903440115
          ],
          "miiv": [
            66.61048822324318,
            68.74459992588781,
            44.33919092311173
          ],
          "hirid": [
            61.48853444269121,
            61.60756620144983,
            45.62363371094236
          ]
        },
        "overall_pulse_scores": {
          "overall_score": 55.546891331390185,
          "overall_aki": 56.14948676540077,
          "overall_eicu": 50.5026695183952,
          "overall_mortality": 66.31718438293841,
          "overall_hirid": 56.23991145169447,
          "overall_sepsis": 44.1740028458314,
          "overall_miiv": 59.898093024080914
        }
      }
    },
    {
      "model_id": "LSTM",
      "task_id": "aki",
      "dataset": "hirid",
      "run_id": "20250605_112438",
      "prompting_id": "",
      "metrics_summary": {
        "overall": {
          "auroc": 0.762,
          "auprc": 0.415,
          "normalized_auprc": 2.561,
          "specificity": 0.892,
          "f1_score": 0.44,
          "accuracy": 0.819,
          "balanced_accuracy": 0.666,
          "precision": 0.44,
          "recall": 0.44,
          "mcc": 0.666,
          "kappa": 0.332,
          "minpse": 0.44,
          "task_dataset_score": 61.489
        },
        "task_pulse_scores": {
          "aki": [
            40.349437630267936,
            61.48853444269121,
            66.61048822324318
          ],
          "mortality": [
            68.59938702147754,
            61.60756620144983,
            68.74459992588781
          ],
          "sepsis": [
            42.559183903440115,
            45.62363371094236,
            44.33919092311173
          ]
        },
        "dataset_pulse_scores": {
          "eicu": [
            40.349437630267936,
            68.59938702147754,
            42.559183903440115
          ],
          "miiv": [
            66.61048822324318,
            68.74459992588781,
            44.33919092311173
          ],
          "hirid": [
            61.48853444269121,
            61.60756620144983,
            45.62363371094236
          ]
        },
        "overall_pulse_scores": {
          "overall_score": 55.546891331390185,
          "overall_aki": 56.14948676540077,
          "overall_eicu": 50.5026695183952,
          "overall_mortality": 66.31718438293841,
          "overall_hirid": 56.23991145169447,
          "overall_sepsis": 44.1740028458314,
          "overall_miiv": 59.898093024080914
        }
      }
    },
    {
      "model_id": "LSTM",
      "task_id": "aki",
      "dataset": "miiv",
      "run_id": "20250605_112438",
      "prompting_id": "",
      "metrics_summary": {
        "overall": {
          "auroc": 0.809,
          "auprc": 0.639,
          "normalized_auprc": 2.744,
          "specificity": 0.049,
          "f1_score": 0.389,
          "accuracy": 0.27,
          "balanced_accuracy": 0.525,
          "precision": 0.242,
          "recall": 1.0,
          "mcc": 0.554,
          "kappa": 0.023,
          "minpse": 0.571,
          "task_dataset_score": 66.61
        },
        "task_pulse_scores": {
          "aki": [
            40.349437630267936,
            61.48853444269121,
            66.61048822324318
          ],
          "mortality": [
            68.59938702147754,
            61.60756620144983,
            68.74459992588781
          ],
          "sepsis": [
            42.559183903440115,
            45.62363371094236,
            44.33919092311173
          ]
        },
        "dataset_pulse_scores": {
          "eicu": [
            40.349437630267936,
            68.59938702147754,
            42.559183903440115
          ],
          "miiv": [
            66.61048822324318,
            68.74459992588781,
            44.33919092311173
          ],
          "hirid": [
            61.48853444269121,
            61.60756620144983,
            45.62363371094236
          ]
        },
        "overall_pulse_scores": {
          "overall_score": 55.546891331390185,
          "overall_aki": 56.14948676540077,
          "overall_eicu": 50.5026695183952,
          "overall_mortality": 66.31718438293841,
          "overall_hirid": 56.23991145169447,
          "overall_sepsis": 44.1740028458314,
          "overall_miiv": 59.898093024080914
        }
      }
    },
    {
      "model_id": "LSTM",
      "task_id": "mortality",
      "dataset": "eicu",
      "run_id": "20250605_112438",
      "prompting_id": "",
      "metrics_summary": {
        "overall": {
          "auroc": 0.845,
          "auprc": 0.507,
          "normalized_auprc": 7.241,
          "specificity": 0.989,
          "f1_score": 0.4,
          "accuracy": 0.94,
          "balanced_accuracy": 0.637,
          "precision": 0.667,
          "recall": 0.286,
          "mcc": 0.706,
          "kappa": 0.374,
          "minpse": 0.429,
          "task_dataset_score": 68.599
        },
        "task_pulse_scores": {
          "aki": [
            40.349437630267936,
            61.48853444269121,
            66.61048822324318
          ],
          "mortality": [
            68.59938702147754,
            61.60756620144983,
            68.74459992588781
          ],
          "sepsis": [
            42.559183903440115,
            45.62363371094236,
            44.33919092311173
          ]
        },
        "dataset_pulse_scores": {
          "eicu": [
            40.349437630267936,
            68.59938702147754,
            42.559183903440115
          ],
          "miiv": [
            66.61048822324318,
            68.74459992588781,
            44.33919092311173
          ],
          "hirid": [
            61.48853444269121,
            61.60756620144983,
            45.62363371094236
          ]
        },
        "overall_pulse_scores": {
          "overall_score": 55.546891331390185,
          "overall_aki": 56.14948676540077,
          "overall_eicu": 50.5026695183952,
          "overall_mortality": 66.31718438293841,
          "overall_hirid": 56.23991145169447,
          "overall_sepsis": 44.1740028458314,
          "overall_miiv": 59.898093024080914
        }
      }
    },
    {
      "model_id": "LSTM",
      "task_id": "mortality",
      "dataset": "hirid",
      "run_id": "20250605_112438",
      "prompting_id": "",
      "metrics_summary": {
        "overall": {
          "auroc": 0.804,
          "auprc": 0.454,
          "normalized_auprc": 4.124,
          "specificity": 0.472,
          "f1_score": 0.269,
          "accuracy": 0.51,
          "balanced_accuracy": 0.645,
          "precision": 0.161,
          "recall": 0.818,
          "mcc": 0.591,
          "kappa": 0.104,
          "minpse": 0.364,
          "task_dataset_score": 61.608
        },