{
  "results": [
    {
      "model_id": "RandomForest",
      "task_id": "aki",
      "dataset": "eicu",
      "run_id": "20250619_004541",
      "prompting_id": "",
      "metrics_summary": {
        "overall": {
          "auroc": 0.749,
          "auprc": 0.604,
          "normalized_auprc": 1.948,
          "specificity": 0.0,
          "f1_score": 0.473,
          "accuracy": 0.31,
          "balanced_accuracy": 0.5,
          "precision": 0.31,
          "recall": 1.0,
          "mcc": 0.5,
          "kappa": 0.0,
          "minpse": 0.574,
          "task_dataset_score": 61.642
        },
        "task_pulse_scores": {
          "aki": [
            61.64230694695241,
            54.75265146858212,
            64.84220361054744
          ],
          "mortality": [
            58.01054406544033,
            67.03530363830924,
            65.6741440978699
          ],
          "sepsis": [
            38.31486813024678,
            55.26571542934779,
            39.84580664054055
          ]
        },
        "dataset_pulse_scores": {
          "eicu": [
            61.64230694695241,
            58.01054406544033,
            38.31486813024678
          ],
          "miiv": [
            64.84220361054744,
            65.6741440978699,
            39.84580664054055
          ],
          "hirid": [
            54.75265146858212,
            67.03530363830924,
            55.26571542934779
          ]
        },
        "overall_pulse_scores": {
          "overall_score": 56.15372711420407,
          "overall_aki": 60.41238734202733,
          "overall_eicu": 52.655906380879834,
          "overall_mortality": 63.573330600539826,
          "overall_hirid": 59.01789017874639,
          "overall_sepsis": 44.475463400045044,
          "overall_miiv": 56.787384782985974
        }
      }
    },
    {
      "model_id": "RandomForest",
      "task_id": "aki",
      "dataset": "hirid",
      "run_id": "20250619_004541",
      "prompting_id": "",
      "metrics_summary": {
        "overall": {
          "auroc": 0.742,
          "auprc": 0.402,
          "normalized_auprc": 2.482,
          "specificity": 0.0,
          "f1_score": 0.279,
          "accuracy": 0.162,
          "balanced_accuracy": 0.5,
          "precision": 0.162,
          "recall": 1.0,
          "mcc": 0.5,
          "kappa": 0.0,
          "minpse": 0.384,
          "task_dataset_score": 54.753
        },
        "task_pulse_scores": {
          "aki": [
            61.64230694695241,
            54.75265146858212,
            64.84220361054744
          ],
          "mortality": [
            58.01054406544033,
            67.03530363830924,
            65.6741440978699
          ],
          "sepsis": [
            38.31486813024678,
            55.26571542934779,
            39.84580664054055
          ]
        },
        "dataset_pulse_scores": {
          "eicu": [
            61.64230694695241,
            58.01054406544033,
            38.31486813024678
          ],
          "miiv": [
            64.84220361054744,
            65.6741440978699,
            39.84580664054055
          ],
          "hirid": [
            54.75265146858212,
            67.03530363830924,
            55.26571542934779
          ]
        },
        "overall_pulse_scores": {
          "overall_score": 56.15372711420407,
          "overall_aki": 60.41238734202733,
          "overall_eicu": 52.655906380879834,
          "overall_mortality": 63.573330600539826,
          "overall_hirid": 59.01789017874639,
          "overall_sepsis": 44.475463400045044,
          "overall_miiv": 56.787384782985974
        }
      }
    },
    {
      "model_id": "RandomForest",
      "task_id": "aki",
      "dataset": "miiv",
      "run_id": "20250619_004541",
      "prompting_id": "",
      "metrics_summary": {
        "overall": {
          "auroc": 0.812,
          "auprc": 0.638,
          "normalized_auprc": 2.741,
          "specificity": 0.0,
          "f1_score": 0.378,
          "accuracy": 0.233,
          "balanced_accuracy": 0.5,
          "precision": 0.233,
          "recall": 1.0,
          "mcc": 0.5,
          "kappa": 0.0,
          "minpse": 0.555,
          "task_dataset_score": 64.842
        },
        "task_pulse_scores": {
          "aki": [
            61.64230694695241,
            54.75265146858212,
            64.84220361054744
          ],
          "mortality": [
            58.01054406544033,
            67.03530363830924,
            65.6741440978699
          ],
          "sepsis": [
            38.31486813024678,
            55.26571542934779,
            39.84580664054055
          ]
        },
        "dataset_pulse_scores": {
          "eicu": [
            61.64230694695241,
            58.01054406544033,
            38.31486813024678
          ],
          "miiv": [
            64.84220361054744,
            65.6741440978699,
            39.84580664054055
          ],
          "hirid": [
            54.75265146858212,
            67.03530363830924,
            55.26571542934779
          ]
        },
        "overall_pulse_scores": {
          "overall_score": 56.15372711420407,
          "overall_aki": 60.41238734202733,
          "overall_eicu": 52.655906380879834,
          "overall_mortality": 63.573330600539826,
          "overall_hirid": 59.01789017874639,
          "overall_sepsis": 44.475463400045044,
          "overall_miiv": 56.787384782985974
        }
      }
    },
    {
      "model_id": "RandomForest",
      "task_id": "mortality",
      "dataset": "eicu",
      "run_id": "20250619_004541",
      "prompting_id": "",
      "metrics_summary": {
        "overall": {
          "auroc": 0.773,
          "auprc": 0.469,
          "normalized_auprc": 6.705,
          "specificity": 0.0,
          "f1_score": 0.131,
          "accuracy": 0.07,
          "balanced_accuracy": 0.5,
          "precision": 0.07,
          "recall": 1.0,
          "mcc": 0.5,
          "kappa": 0.0,
          "minpse": 0.429,
          "task_dataset_score": 58.011
        },
        "task_pulse_scores": {
          "aki": [
            61.64230694695241,
            54.75265146858212,
            64.84220361054744
          ],
          "mortality": [
            58.01054406544033,
            67.03530363830924,
            65.6741440978699
          ],
          "sepsis": [
            38.31486813024678,
            55.26571542934779,
            39.84580664054055
          ]
        },
        "dataset_pulse_scores": {
          "eicu": [
            61.64230694695241,
            58.01054406544033,
            38.31486813024678
          ],
          "miiv": [
            64.84220361054744,
            65.6741440978699,
            39.84580664054055
          ],
          "hirid": [
            54.75265146858212,
            67.03530363830924,
            55.26571542934779
          ]
        },
        "overall_pulse_scores": {
          "overall_score": 56.15372711420407,
          "overall_aki": 60.41238734202733,
          "overall_eicu": 52.655906380879834,
          "overall_mortality": 63.573330600539826,
          "overall_hirid": 59.01789017874639,
          "overall_sepsis": 44.475463400045044,
          "overall_miiv": 56.787384782985974
        }
      }
    },
    {
      "model_id": "RandomForest",
      "task_id": "mortality",
      "dataset": "hirid",
      "run_id": "20250619_004541",
      "prompting_id": "",
      "metrics_summary": {
        "overall": {
          "auroc": 0.902,
          "auprc": 0.614,
          "normalized_auprc": 5.58,
          "specificity": 0.0,
          "f1_score": 0.198,
          "accuracy": 0.11,
          "balanced_accuracy": 0.5,
          "precision": 0.11,
          "recall": 1.0,
          "mcc": 0.5,
          "kappa": 0.0,
          "minpse": 0.5,
          "task_dataset_score": 67.035
        },