{
  "results": [
    {
      "model_id": "RandomForest",
      "task_id": "aki",
      "dataset": "eicu",
      "run_id": "20250604_151406",
      "prompting_id": "",
      "metrics_summary": {
        "overall": {
          "auroc": 0.757,
          "auprc": 0.71,
          "normalized_auprc": 1.714,
          "specificity": 0.0,
          "f1_score": 0.586,
          "accuracy": 0.414,
          "balanced_accuracy": 0.5,
          "precision": 0.414,
          "recall": 1.0,
          "mcc": 0.5,
          "kappa": 0.0,
          "minpse": 0.638,
          "task_dataset_score": 65.405
        },
        "task_pulse_scores": {
          "aki": [
            65.40514809110032,
            57.53281917718185,
            61.81332376522438
          ],
          "mortality": [
            58.01054406544033,
            67.03530363830924,
            65.6741440978699
          ],
          "sepsis": [
            39.326561985020945,
            54.87387735702913,
            38.99290607587786
          ]
        },
        "dataset_pulse_scores": {
          "eicu": [
            65.40514809110032,
            58.01054406544033,
            39.326561985020945
          ],
          "miiv": [
            61.81332376522438,
            65.6741440978699,
            38.99290607587786
          ],
          "hirid": [
            57.53281917718185,
            67.03530363830924,
            54.87387735702913
          ]
        },
        "overall_pulse_scores": {
          "overall_score": 56.5182920281171,
          "overall_aki": 61.58376367783552,
          "overall_eicu": 54.2474180471872,
          "overall_mortality": 63.573330600539826,
          "overall_hirid": 59.814000057506746,
          "overall_sepsis": 44.397781805975974,
          "overall_miiv": 55.493457979657386
        }
      }
    },
    {
      "model_id": "RandomForest",
      "task_id": "aki",
      "dataset": "hirid",
      "run_id": "20250604_151406",
      "prompting_id": "",
      "metrics_summary": {
        "overall": {
          "auroc": 0.729,
          "auprc": 0.5,
          "normalized_auprc": 2.63,
          "specificity": 0.0,
          "f1_score": 0.319,
          "accuracy": 0.19,
          "balanced_accuracy": 0.5,
          "precision": 0.19,
          "recall": 1.0,
          "mcc": 0.5,
          "kappa": 0.0,
          "minpse": 0.406,
          "task_dataset_score": 57.533
        },
        "task_pulse_scores": {
          "aki": [
            65.40514809110032,
            57.53281917718185,
            61.81332376522438
          ],
          "mortality": [
            58.01054406544033,
            67.03530363830924,
            65.6741440978699
          ],
          "sepsis": [
            39.326561985020945,
            54.87387735702913,
            38.99290607587786
          ]
        },
        "dataset_pulse_scores": {
          "eicu": [
            65.40514809110032,
            58.01054406544033,
            39.326561985020945
          ],
          "miiv": [
            61.81332376522438,
            65.6741440978699,
            38.99290607587786
          ],
          "hirid": [
            57.53281917718185,
            67.03530363830924,
            54.87387735702913
          ]
        },
        "overall_pulse_scores": {
          "overall_score": 56.5182920281171,
          "overall_aki": 61.58376367783552,
          "overall_eicu": 54.2474180471872,
          "overall_mortality": 63.573330600539826,
          "overall_hirid": 59.814000057506746,
          "overall_sepsis": 44.397781805975974,
          "overall_miiv": 55.493457979657386
        }
      }
    },
    {
      "model_id": "RandomForest",
      "task_id": "aki",
      "dataset": "miiv",
      "run_id": "20250604_151406",
      "prompting_id": "",
      "metrics_summary": {
        "overall": {
          "auroc": 0.755,
          "auprc": 0.603,
          "normalized_auprc": 1.896,
          "specificity": 0.0,
          "f1_score": 0.483,
          "accuracy": 0.318,
          "balanced_accuracy": 0.5,
          "precision": 0.318,
          "recall": 1.0,
          "mcc": 0.5,
          "kappa": 0.0,
          "minpse": 0.523,
          "task_dataset_score": 61.813
        },
        "task_pulse_scores": {
          "aki": [
            65.40514809110032,
            57.53281917718185,
            61.81332376522438
          ],
          "mortality": [
            58.01054406544033,
            67.03530363830924,
            65.6741440978699
          ],
          "sepsis": [
            39.326561985020945,
            54.87387735702913,
            38.99290607587786
          ]
        },
        "dataset_pulse_scores": {
          "eicu": [
            65.40514809110032,
            58.01054406544033,
            39.326561985020945
          ],
          "miiv": [
            61.81332376522438,
            65.6741440978699,
            38.99290607587786
          ],
          "hirid": [
            57.53281917718185,
            67.03530363830924,
            54.87387735702913
          ]
        },
        "overall_pulse_scores": {
          "overall_score": 56.5182920281171,
          "overall_aki": 61.58376367783552,
          "overall_eicu": 54.2474180471872,
          "overall_mortality": 63.573330600539826,
          "overall_hirid": 59.814000057506746,
          "overall_sepsis": 44.397781805975974,
          "overall_miiv": 55.493457979657386
        }
      }
    },
    {
      "model_id": "RandomForest",
      "task_id": "mortality",
      "dataset": "eicu",
      "run_id": "20250604_151406",
      "prompting_id": "",
      "metrics_summary": {
        "overall": {
          "auroc": 0.773,
          "auprc": 0.469,
          "normalized_auprc": 6.705,
          "specificity": 0.0,
          "f1_score": 0.131,
          "accuracy": 0.07,
          "balanced_accuracy": 0.5,
          "precision": 0.07,
          "recall": 1.0,
          "mcc": 0.5,
          "kappa": 0.0,
          "minpse": 0.429,
          "task_dataset_score": 58.011
        },
        "task_pulse_scores": {
          "aki": [
            65.40514809110032,
            57.53281917718185,
            61.81332376522438
          ],
          "mortality": [
            58.01054406544033,
            67.03530363830924,
            65.6741440978699
          ],
          "sepsis": [
            39.326561985020945,
            54.87387735702913,
            38.99290607587786
          ]
        },
        "dataset_pulse_scores": {
          "eicu": [
            65.40514809110032,
            58.01054406544033,
            39.326561985020945
          ],
          "miiv": [
            61.81332376522438,
            65.6741440978699,
            38.99290607587786
          ],
          "hirid": [
            57.53281917718185,
            67.03530363830924,
            54.87387735702913
          ]
        },
        "overall_pulse_scores": {
          "overall_score": 56.5182920281171,
          "overall_aki": 61.58376367783552,
          "overall_eicu": 54.2474180471872,
          "overall_mortality": 63.573330600539826,
          "overall_hirid": 59.814000057506746,
          "overall_sepsis": 44.397781805975974,
          "overall_miiv": 55.493457979657386
        }
      }
    },
    {
      "model_id": "RandomForest",
      "task_id": "mortality",
      "dataset": "hirid",
      "run_id": "20250604_151406",
      "prompting_id": "",
      "metrics_summary": {
        "overall": {
          "auroc": 0.902,
          "auprc": 0.614,
          "normalized_auprc": 5.58,
          "specificity": 0.0,
          "f1_score": 0.198,
          "accuracy": 0.11,
          "balanced_accuracy": 0.5,
          "precision": 0.11,
          "recall": 1.0,
          "mcc": 0.5,
          "kappa": 0.0,
          "minpse": 0.5,
          "task_dataset_score": 67.035
        },